url,label,type
https://www.google.com,0,benign
https://www.youtube.com,0,benign
https://www.facebook.com,0,benign
https://www.wikipedia.org,0,benign
https://www.amazon.com,0,benign
https://www.yahoo.com,0,benign
https://www.reddit.com,0,benign
https://www.netflix.com,0,benign
https://www.linkedin.com,0,benign
https://www.microsoft.com,0,benign
https://www.instagram.com,0,benign
https://www.twitter.com,0,benign
https://www.apple.com,0,benign
https://www.github.com,0,benign
https://www.cloudflare.com,0,benign
https://www.office.com,0,benign
https://www.bing.com,0,benign
https://www.live.com,0,benign
https://www.adobe.com,0,benign
https://www.spotify.com,0,benign
https://www.dropbox.com,0,benign
https://www.salesforce.com,0,benign
https://www.zoom.us,0,benign
https://www.twitch.tv,0,benign
https://www.ebay.com,0,benign
https://www.cnn.com,0,benign
https://www.nytimes.com,0,benign
https://www.bbc.com,0,benign
https://www.theguardian.com,0,benign
https://www.medium.com,0,benign
https://www.stackoverflow.com,0,benign
https://www.quora.com,0,benign
https://www.imdb.com,0,benign
https://www.paypal.com,0,benign
https://www.craigslist.org,0,benign
https://www.pinterest.com,0,benign
https://www.tumblr.com,0,benign
https://www.flickr.com,0,benign
https://www.vimeo.com,0,benign
https://www.aliexpress.com,0,benign
https://www.booking.com,0,benign
https://www.airbnb.com,0,benign
https://www.tripadvisor.com,0,benign
https://www.walmart.com,0,benign
https://www.target.com,0,benign
https://www.bestbuy.com,0,benign
https://www.homedepot.com,0,benign
https://www.ikea.com,0,benign
https://www.costco.com,0,benign
https://www.etsy.com,0,benign
https://developer.mozilla.org/en-US/docs/Web/JavaScript,0,benign
https://docs.python.org/3/library/urllib.parse.html,0,benign
https://en.wikipedia.org/wiki/Computer_security,0,benign
https://github.com/torvalds/linux/commits/master,0,benign
https://www.ietf.org/rfc/rfc3986.txt,0,benign
https://csrc.nist.gov/publications/detail/sp/800-53/rev-5/final,0,benign
https://www.w3.org/TR/html52/,0,benign
https://news.ycombinator.com/item?id=1,0,benign
https://arxiv.org/abs/2301.00001,0,benign
https://hub.docker.com/_/node,0,benign
https://www.ncbi.nlm.nih.gov/pmc/articles/PMC1234567/,0,benign
https://aws.amazon.com/ec2/pricing/on-demand/,0,benign
https://cloud.google.com/compute/docs/instances,0,benign
https://azure.microsoft.com/en-us/products/virtual-machines/,0,benign
https://www.digitalocean.com/products/droplets,0,benign
https://www.oracle.com/cloud/compute/,0,benign
https://www.ibm.com/cloud/learn/cloud-computing,0,benign
https://www.redhat.com/en/technologies/linux-platforms/enterprise-linux,0,benign
https://ubuntu.com/download/server,0,benign
https://www.debian.org/releases/stable/,0,benign
https://archlinux.org/download/,0,benign
https://getfedora.org/en/workstation/download/,0,benign
https://nodejs.org/en/docs/guides/getting-started-guide,0,benign
https://react.dev/learn/tutorial-tic-tac-toe,0,benign
https://tailwindcss.com/docs/utility-first,0,benign
https://vitejs.dev/guide/,0,benign
https://expressjs.com/en/starter/installing.html,0,benign
https://www.mongodb.com/docs/manual/introduction/,0,benign
https://mongoosejs.com/docs/guide.html,0,benign
https://fastapi.tiangolo.com/tutorial/first-steps/,0,benign
https://scikit-learn.org/stable/modules/ensemble.html#forests-of-randomized-trees,0,benign
https://pandas.pydata.org/docs/user_guide/10min.html,0,benign
https://numpy.org/doc/stable/user/quickstart.html,0,benign
https://joblib.readthedocs.io/en/latest/,0,benign
https://docs.pydantic.dev/latest/concepts/models/,0,benign
https://www.apache.org/licenses/LICENSE-2.0,0,benign
https://opensource.org/licenses/MIT,0,benign
https://www.gnu.org/licenses/gpl-3.0.html,0,benign
https://creativecommons.org/licenses/by/4.0/,0,benign
https://www.mit.edu/about/,0,benign
https://www.harvard.edu/programs/,0,benign
https://www.stanford.edu/academics/,0,benign
https://www.ox.ac.uk/admissions,0,benign
https://www.cam.ac.uk/research,0,benign
https://www.berkeley.edu/academics,0,benign
https://www.cmu.edu/academics/,0,benign
https://www.ucla.edu/academics/undergraduate-majors,0,benign
https://www.gatech.edu/academics,0,benign
https://www.caltech.edu/academics,0,benign
https://www.nih.gov/health-information,0,benign
https://www.cdc.gov/flu/about/index.html,0,benign
https://www.who.int/emergencies/diseases/novel-coronavirus-2019,0,benign
https://www.fda.gov/drugs,0,benign
https://www.nasa.gov/missions,0,benign
https://www.esa.int/Science_Exploration,0,benign
https://www.space.com/news,0,benign
https://www.nationalgeographic.com/environment,0,benign
https://www.nature.com/articles/d41586-023-00001-w,0,benign
https://www.science.org/journal/science,0,benign
https://www.cell.com/cell/home,0,benign
https://www.ieee.org/membership/join/index.html,0,benign
https://www.acm.org/publications,0,benign
https://www.usenix.org/conferences,0,benign
https://www.blackhat.com/us-23/,0,benign
https://defcon.org/html/defcon-31/dc-31-index.html,0,benign
https://owasp.org/www-project-top-ten/,0,benign
https://cve.mitre.org/cve/identifiers/syntaxchange.html,0,benign
https://nvd.nist.gov/vuln/detail/CVE-2023-1234,0,benign
https://www.snopes.com/fact-check/,0,benign
https://www.britannica.com/topic/cybersecurity,0,benign
https://weather.com/weather/today/l/USNY0996:1:US,0,benign
https://www.accuweather.com/en/us/new-york-ny/10007/weather-forecast/349727,0,benign
https://www.bloomberg.com/markets,0,benign
https://www.reuters.com/business/,0,benign
https://www.forbes.com/innovation/,0,benign
https://www.wsj.com/news/technology,0,benign
https://www.ft.com/technology,0,benign
https://www.economist.com/science-and-technology,0,benign
https://techcrunch.com/startups/,0,benign
https://www.theverge.com/tech,0,benign
https://arstechnica.com/information-technology/,0,benign
https://www.wired.com/category/security/,0,benign
https://slashdot.org/story/recent,0,benign
https://www.bleepingcomputer.com/news/security/,0,benign
https://krebsonsecurity.com/about/,0,benign
https://threatpost.com/category/vulnerabilities/,0,benign
https://darkreading.com/threat-intelligence,0,benign
https://securityaffairs.com/category/cyber-crime,0,benign
https://thehackernews.com/category/security-news,0,benign
https://www.schneier.com/blog/archives/recent.html,0,benign
https://portswigger.net/web-security,0,benign
https://snyk.io/learn/,0,benign
https://www.elastic.co/guide/en/elasticsearch/reference/current/index.html,0,benign
https://www.mongodb.com/cloud/atlas/register,0,benign
https://redis.io/documentation,0,benign
https://www.postgresql.org/docs/current/index.html,0,benign
https://dev.mysql.com/doc/refman/8.0/en/,0,benign
https://sqlite.org/docs.html,0,benign
https://kafka.apache.org/documentation/,0,benign
https://rabbitmq.com/documentation.html,0,benign
https://kubernetes.io/docs/home/,0,benign
https://www.terraform.io/intro,0,benign
https://www.ansible.com/overview/how-ansible-works,0,benign
https://prometheus.io/docs/introduction/overview/,0,benign
https://grafana.com/docs/grafana/latest/,0,benign
https://www.splunk.com/en_us/products/splunk-enterprise.html,0,benign
https://www.wireshark.org/docs/,0,benign
https://nmap.org/book/man.html,0,benign
https://www.kali.org/get-kali/,0,benign
https://www.metasploit.com/download,0,benign
https://www.torproject.org/download/,0,benign
https://signal.org/download/,0,benign
https://telegram.org/apps,0,benign
https://discord.com/download,0,benign
https://slack.com/downloads,0,benign
https://www.whatsapp.com/download,0,benign
https://zoom.us/download,0,benign
https://www.skype.com/en/get-skype/,0,benign
https://www.viber.com/en/download/,0,benign
https://www.mozilla.org/en-US/firefox/new/,0,benign
https://www.google.com/chrome/,0,benign
https://www.brave.com/download/,0,benign
https://www.opera.com/download,0,benign
https://www.torproject.org/download/languages/,0,benign
https://duckduckgo.com/about,0,benign
https://www.startpage.com/en/about-us,0,benign
https://www.qwant.com/about,0,benign
https://www.ecosia.org/about,0,benign
https://search.brave.com/help,0,benign
https://www.archive.org/about/,0,benign
https://commons.wikimedia.org/wiki/Main_Page,0,benign
https://www.wikidata.org/wiki/Wikidata:Main_Page,0,benign
https://wikivoyage.org/wiki/Main_Page,0,benign
https://wiktionary.org/wiki/Wiktionary:Main_Page,0,benign
https://wikisource.org/wiki/Main_Page,0,benign
https://wikiversity.org/wiki/Wikiversity:Main_Page,0,benign
https://wikibooks.org/wiki/Main_Page,0,benign
https://wikinews.org/wiki/Main_Page,0,benign
https://wikiquote.org/wiki/Main_Page,0,benign
https://meta.wikimedia.org/wiki/Main_Page,0,benign
https://www.un.org/en/about-us,0,benign
https://www.unesco.org/en/about-us,0,benign
https://www.unicef.org/about-us,0,benign
https://www.worldbank.org/en/about,0,benign
https://www.imf.org/en/About,0,benign
https://www.wto.org/english/thewto_e/thewto_e.htm,0,benign
https://www.oecd.org/about/,0,benign
https://www.weforum.org/about/world-economic-forum,0,benign
https://www.redcross.org/about-us.html,0,benign
https://www.doctorswithoutborders.org/who-we-are,0,benign
http://185.10.20.30/login/verify-account,1,malicious
http://192.168.1.100/admin/password-reset,1,malicious
http://103.245.12.98/secure-banking/update-credentials,1,malicious
http://45.142.214.10/paypal-verification/login.php,1,malicious
http://178.62.204.11/ebay-billing/confirm-account.html,1,malicious
http://91.240.118.23/chase-online/signin.aspx?auth=token,1,malicious
http://194.87.139.54/wellsfargo/secure-login-update.php,1,malicious
http://185.220.101.5/bankofamerica/verification/signin,1,malicious
http://198.51.100.42/amazon-support/update-billing-info,1,malicious
http://203.0.113.195/netflix/account-suspended-verify,1,malicious
http://198.18.0.55/appleid/security-update/password,1,malicious
http://104.244.72.115/microsoft/online-verify-identity,1,malicious
http://193.106.191.12/wallet/seed-phrase-recovery-confirm,1,malicious
http://185.193.88.21/metamask/unlock-account-secure,1,malicious
http://149.202.89.15/binance/security-check/auth,1,malicious
http://176.119.1.8/coinbase/wallet-update-confirm,1,malicious
https://login.verify.account.update.example.com,1,malicious
https://secure.signin.banking.online.auth-service.xyz,1,malicious
https://paypal.com.account-update.verify-notice.top/login,1,malicious
https://appleid.apple.com.security-alert.notice-center.info,1,malicious
https://netflix.member-security.update-billing.click/signin,1,malicious
https://amazon.orders.security-confirm.support-portal.club,1,malicious
https://chase.online-banking.verify-identity.auth-token.biz,1,malicious
https://wellsfargo.account-access.security-check.site/login,1,malicious
https://bankofamerica.online-id.secure-verification.pw/auth,1,malicious
https://microsoft.account-protection.identity-update.online,1,malicious
https://google.drive.file-download.verify-credential.website,1,malicious
https://facebook.security-checkpoint.identity-verify.space,1,malicious
https://instagram.copyright-infringement.appeal-form.pro,1,malicious
https://whatsapp.web-session.qr-code-verification.work,1,malicious
https://security-verify.com/%20%2F%3F%23%25test,1,malicious
http://phishing-portal.com/%2520%252F%253F%2523%2525payload,1,malicious
https://bank-secure-login.com/%20%20%20%20%20%20%20%20redirect,1,malicious
http://update-wallet.net/%3Cscript%3Ealert(1)%3C/script%3E,1,malicious
https://verify-credential.org/%27%20OR%201=1--,1,malicious
http://admin-reset.cc/%00%0D%0AHeader-Injection,1,malicious
https://secure-token.vip/%E2%80%AEreversed-text%E2%80%AC,1,malicious
http://account-unlock.top/%2F%2E%2E%2F%2E%2E%2Fetc%2Fpasswd,1,malicious
https://pay-confirm.club/%3Fredirect%3Devil-domain.com,1,malicious
http://auth-check.xyz/%23token%3Dsecret_admin_key_leaked,1,malicious
http://legitimate-service.com@malicious-redirect-target.com/login,1,malicious
https://paypal.com@security-verification-portal.com/update,1,malicious
http://google.com@phishing-gateway.ru/authenticate,1,malicious
https://microsoft.com@fake-login-service.cn/verify-password,1,malicious
http://apple.com@credential-stealer.cc/signin,1,malicious
https://chase.com@banking-alert-notice.top/online,1,malicious
http://wellsfargo.com@security-update-portal.pw/verify,1,malicious
https://amazon.com@account-restricted-alert.info/billing,1,malicious
http://netflix.com@subscription-renewal-confirm.site/pay,1,malicious
https://bankofamerica.com@login-identity-check.club/auth,1,malicious
http://secure-login-verify-account-update-billing-info-paypal-customer-service-alert-notice-confirmation-portal.com/session/auth/index.php?token=1234567890abcdef1234567890abcdef1234567890abcdef&client_id=987654321&redirect_uri=https://paypal.com/signin,1,malicious
https://banking-online-security-identity-verification-portal-account-unlock-customer-support-notice.xyz/chase/login/authenticate?session_id=abcdef1234567890&timestamp=20260904183000&action=verify_credentials,1,malicious
http://appleid-security-team-account-locked-verification-identity-confirmation-center.online/signin?app_id=5847382910&flow=password_reset&language=en_US&source=security_alert,1,malicious
https://microsoft-office365-security-alert-unusual-sign-in-activity-detected-verify-now.net/auth/login.aspx?email=user@domain.com&auth_type=modern&session_hash=fedcba0987654321,1,malicious
http://netflix-billing-department-subscription-payment-failed-update-credit-card-details.club/member/payment?account_id=9988776655&plan=premium_4k&retry=true,1,malicious
http://paypal-verification-center-secure-login.com,1,malicious
http://apple-security-id-verification-update.org,1,malicious
http://chase-bank-online-banking-signin-auth.net,1,malicious
http://wellsfargo-account-access-verification-secure.com,1,malicious
http://bankofamerica-customer-service-login-portal.info,1,malicious
http://netflix-billing-update-subscription-renew.site,1,malicious
http://amazon-prime-order-confirmation-verification.top,1,malicious
http://microsoft-outlook-web-app-security-check.xyz,1,malicious
http://google-drive-security-document-share-login.pw,1,malicious
http://facebook-security-checkpoint-identity-appeal.club,1,malicious
http://instagram-copyright-infringement-ticket-update.pro,1,malicious
http://binance-security-verification-wallet-auth.cc,1,malicious
http://coinbase-account-restricted-unlock-notice.vip,1,malicious
http://metamask-io-wallet-seed-phrase-recovery.work,1,malicious
http://crypto-wallet-airdrop-claim-rewards-connect.top,1,malicious
http://irs-tax-refund-status-claim-direct-deposit.info,1,malicious
http://fedex-package-delivery-exception-reschedule-fee.site,1,malicious
http://dhl-express-customs-duty-clearance-payment.xyz,1,malicious
http://usps-tracking-package-address-correction-update.top,1,malicious
http://ups-delivery-failed-attempt-redelivery-confirm.pw,1,malicious
http://blockchain-wallet-security-update-mandatory.club,1,malicious
http://trust-wallet-dapp-browser-connect-auth.pro,1,malicious
http://ledger-live-security-patch-firmware-update.cc,1,malicious
http://trezor-bridge-wallet-verification-portal.online,1,malicious
http://uniswap-v3-airdrop-liquidity-pool-rewards.xyz,1,malicious
http://pancakeswap-finance-staking-rewards-claim.top,1,malicious
http://opensea-nft-free-mint-whitelist-verify.info,1,malicious
http://discord-nitro-free-promotion-claim-gift.pw,1,malicious
http://steam-community-trade-offer-confirm-inventory.site,1,malicious
http://roblox-free-robux-generator-survey-verify.top,1,malicious
http://epicgames-fortnite-vbucks-claim-reward.club,1,malicious
http://battle-net-account-authenticator-security.pro,1,malicious
http://playstation-network-wallet-card-code-redeem.cc,1,malicious
http://xbox-live-gold-membership-free-code-claim.online,1,malicious
http://covid19-relief-grant-application-submit-ssn.info,1,malicious
http://student-loan-forgiveness-application-portal.site,1,malicious
http://dmv-drivers-license-renewal-express-fee.xyz,1,malicious
http://social-security-administration-benefits-verify.top,1,malicious
http://us-courts-jury-duty-summons-fine-payment.pw,1,malicious
http://who-global-health-grant-fund-disbursement.club,1,malicious
http://unicef-donation-beneficiary-cash-grant.pro,1,malicious
http://worldbank-development-grant-transfer-code.cc,1,malicious
http://imf-monetary-fund-compensation-scheme.online,1,malicious
http://lottery-winner-notification-claim-prize.top,1,malicious
http://inherited-estate-beneficiary-legal-affidavit.info,1,malicious
http://urgent-wire-transfer-authorization-pin.site,1,malicious
http://swift-international-fund-settlement-fee.xyz,1,malicious
http://western-union-money-transfer-mtcn-track.pw,1,malicious
http://moneygram-transaction-verification-hold.club,1,malicious
http://target-giftcard-balance-check-pin-verify.pro,1,malicious
http://walmart-egift-card-activation-survey.cc,1,malicious
http://bestbuy-rewards-certificate-claim-login.online,1,malicious
http://homedepot-pro-xtra-cashback-rebate.top,1,malicious
http://costco-wholesale-member-rebate-voucher.info,1,malicious
http://starbucks-rewards-free-drink-coupon-code.site,1,malicious
http://mcdonalds-monopoly-prize-winner-claim.xyz,1,malicious
http://uber-eats-promo-discount-voucher-code.pw,1,malicious
http://doordash-dasher-support-account-update.club,1,malicious
http://grubhub-giftcard-redemption-portal.pro,1,malicious
http://airbnb-host-payout-preference-update.cc,1,malicious
http://booking-reservation-confirmation-modify.online,1,malicious
http://expedia-itinerary-cancellation-refund.top,1,malicious
http://delta-airlines-skymiles-account-login.info,1,malicious
http://united-mileageplus-security-verification.site,1,malicious
http://american-airlines-aadvantage-login-portal.xyz,1,malicious
http://southwest-rapid-rewards-claim-points.pw,1,malicious
http://hilton-honors-member-points-redemption.club,1,malicious
http://marriott-bonvoy-account-security-update.pro,1,malicious
http://hyatt-world-of-hyatt-stay-confirmation.cc,1,malicious
http://ihg-one-rewards-member-login-portal.online,1,malicious
http://att-wireless-billing-account-update.top,1,malicious
http://verizon-fios-customer-payment-portal.info,1,malicious
http://tmobile-digits-security-verification.site,1,malicious
http://xfinity-comcast-email-quota-exceeded.xyz,1,malicious
http://spectrum-charter-bill-pay-online.pw,1,malicious
http://cox-communications-webmail-update.club,1,malicious
http://centurylink-customer-support-portal.pro,1,malicious
http://frontier-communications-account-login.cc,1,malicious
http://cisco-webex-meeting-invite-join-link.online,1,malicious
http://gotomeeting-attendee-login-portal.top,1,malicious
http://ringcentral-voip-softphone-settings.info,1,malicious
http://vonage-business-cloud-admin-portal.site,1,malicious
http://zendesk-customer-support-ticket-update.xyz,1,malicious
http://freshdesk-helpdesk-portal-login.pw,1,malicious
http://jira-atlassian-confluence-cloud-auth.club,1,malicious
http://trello-enterprise-workspace-invite.pro,1,malicious
http://asana-team-collaboration-project-join.cc,1,malicious
http://monday-com-board-invite-acceptance.online,1,malicious
http://notion-workspace-shared-document-view.top,1,malicious
http://airtable-shared-base-collaborator-auth.info,1,malicious
http://smartsheet-form-submission-confirm.site,1,malicious
http://basecamp-project-update-notification.xyz,1,malicious
http://github-enterprise-repository-pull-request.pw,1,malicious
http://gitlab-ci-cd-pipeline-failed-alert.club,1,malicious
http://bitbucket-workspace-credential-rotate.pro,1,malicious
http://aws-root-account-mfa-reset-request.cc,1,malicious
http://azure-active-directory-conditional-access.online,1,malicious
http://google-workspace-admin-console-suspended.top,1,malicious
http://okta-single-sign-on-identity-challenge.info,1,malicious
http://duo-security-two-factor-auth-push.site,1,malicious
http://ping-identity-sso-portal-authenticate.xyz,1,malicious
http://onelogin-portal-session-expired-login.pw,1,malicious
http://cyberark-privileged-access-vault-login.club,1,malicious
http://hashicorp-vault-token-renewal-portal.pro,1,malicious
http://lastpass-master-password-re-encrypt.cc,1,malicious
http://1password-secret-key-recovery-kit.online,1,malicious
http://bitwarden-vault-export-confirmation.top,1,malicious
http://dashlane-security-alert-compromised-pw.info,1,malicious
http://keepass-database-key-file-sync.site,1,malicious
