url_length,hostname_length,path_length,query_length,dot_count,subdomain_count,path_segment_count,query_params_count,special_char_count,digits_count,hyphen_count,underscore_count,at_symbol_count,percent_count,uses_https,is_ip_address,suspicious_keyword_count,suspicious_hostname_pattern,label,url
22,14,1,0,2,1,0,0,0,0,0,0,0,0,1,0,0,0,0,https://www.google.com
23,15,1,0,2,1,0,0,0,0,0,0,0,0,1,0,0,0,0,https://www.youtube.com
24,16,1,0,2,1,0,0,0,0,0,0,0,0,1,0,0,0,0,https://www.facebook.com
25,17,1,0,2,1,0,0,0,0,0,0,0,0,1,0,0,0,0,https://www.wikipedia.org
22,14,1,0,2,1,0,0,0,0,0,0,0,0,1,0,0,0,0,https://www.amazon.com
21,13,1,0,2,1,0,0,0,0,0,0,0,0,1,0,0,0,0,https://www.yahoo.com
22,14,1,0,2,1,0,0,0,0,0,0,0,0,1,0,0,0,0,https://www.reddit.com
23,15,1,0,2,1,0,0,0,0,0,0,0,0,1,0,0,0,0,https://www.netflix.com
24,16,1,0,2,1,0,0,0,0,0,0,0,0,1,0,0,0,0,https://www.linkedin.com
25,17,1,0,2,1,0,0,0,0,0,0,0,0,1,0,0,0,0,https://www.microsoft.com
25,17,1,0,2,1,0,0,0,0,0,0,0,0,1,0,0,0,0,https://www.instagram.com
23,15,1,0,2,1,0,0,0,0,0,0,0,0,1,0,0,0,0,https://www.twitter.com
21,13,1,0,2,1,0,0,0,0,0,0,0,0,1,0,0,0,0,https://www.apple.com
22,14,1,0,2,1,0,0,0,0,0,0,0,0,1,0,0,0,0,https://www.github.com
26,18,1,0,2,1,0,0,0,0,0,0,0,0,1,0,0,0,0,https://www.cloudflare.com
22,14,1,0,2,1,0,0,0,0,0,0,0,0,1,0,0,0,0,https://www.office.com
20,12,1,0,2,1,0,0,0,0,0,0,0,0,1,0,0,0,0,https://www.bing.com
20,12,1,0,2,1,0,0,0,0,0,0,0,0,1,0,0,0,0,https://www.live.com
21,13,1,0,2,1,0,0,0,0,0,0,0,0,1,0,0,0,0,https://www.adobe.com
23,15,1,0,2,1,0,0,0,0,0,0,0,0,1,0,0,0,0,https://www.spotify.com
23,15,1,0,2,1,0,0,0,0,0,0,0,0,1,0,0,0,0,https://www.dropbox.com
26,18,1,0,2,1,0,0,0,0,0,0,0,0,1,0,0,0,0,https://www.salesforce.com
19,11,1,0,2,1,0,0,0,0,0,0,0,0,1,0,0,0,0,https://www.zoom.us
21,13,1,0,2,1,0,0,0,0,0,0,0,0,1,0,0,0,0,https://www.twitch.tv
20,12,1,0,2,1,0,0,0,0,0,0,0,0,1,0,0,0,0,https://www.ebay.com
19,11,1,0,2,1,0,0,0,0,0,0,0,0,1,0,0,0,0,https://www.cnn.com
23,15,1,0,2,1,0,0,0,0,0,0,0,0,1,0,0,0,0,https://www.nytimes.com
19,11,1,0,2,1,0,0,0,0,0,0,0,0,1,0,0,0,0,https://www.bbc.com
27,19,1,0,2,1,0,0,0,0,0,0,0,0,1,0,0,0,0,https://www.theguardian.com
22,14,1,0,2,1,0,0,0,0,0,0,0,0,1,0,0,0,0,https://www.medium.com
29,21,1,0,2,1,0,0,0,0,0,0,0,0,1,0,0,0,0,https://www.stackoverflow.com
21,13,1,0,2,1,0,0,0,0,0,0,0,0,1,0,0,0,0,https://www.quora.com
20,12,1,0,2,1,0,0,0,0,0,0,0,0,1,0,0,0,0,https://www.imdb.com
22,14,1,0,2,1,0,0,0,0,0,0,0,0,1,0,0,0,0,https://www.paypal.com
26,18,1,0,2,1,0,0,0,0,0,0,0,0,1,0,0,0,0,https://www.craigslist.org
25,17,1,0,2,1,0,0,0,0,0,0,0,0,1,0,0,0,0,https://www.pinterest.com
22,14,1,0,2,1,0,0,0,0,0,0,0,0,1,0,0,0,0,https://www.tumblr.com
22,14,1,0,2,1,0,0,0,0,0,0,0,0,1,0,0,0,0,https://www.flickr.com
21,13,1,0,2,1,0,0,0,0,0,0,0,0,1,0,0,0,0,https://www.vimeo.com
26,18,1,0,2,1,0,0,0,0,0,0,0,0,1,0,0,0,0,https://www.aliexpress.com
23,15,1,0,2,1,0,0,0,0,0,0,0,0,1,0,0,0,0,https://www.booking.com
22,14,1,0,2,1,0,0,0,0,0,0,0,0,1,0,0,0,0,https://www.airbnb.com
27,19,1,0,2,1,0,0,0,0,0,0,0,0,1,0,0,0,0,https://www.tripadvisor.com
23,15,1,0,2,1,0,0,0,0,0,0,0,0,1,0,0,0,0,https://www.walmart.com
22,14,1,0,2,1,0,0,0,0,0,0,0,0,1,0,0,0,0,https://www.target.com
23,15,1,0,2,1,0,0,0,0,0,0,0,0,1,0,0,0,0,https://www.bestbuy.com
25,17,1,0,2,1,0,0,0,0,0,0,0,0,1,0,0,0,0,https://www.homedepot.com
20,12,1,0,2,1,0,0,0,0,0,0,0,0,1,0,0,0,0,https://www.ikea.com
22,14,1,0,2,1,0,0,0,0,0,0,0,0,1,0,0,0,0,https://www.costco.com
20,12,1,0,2,1,0,0,0,0,0,0,0,0,1,0,0,0,0,https://www.etsy.com
55,21,26,0,2,1,4,0,0,0,1,0,0,0,1,0,0,0,0,https://developer.mozilla.org/en-US/docs/Web/JavaScript
51,15,28,0,4,1,3,0,0,1,0,0,0,0,1,0,0,0,0,https://docs.python.org/3/library/urllib.parse.html
47,16,23,0,2,1,2,0,0,0,0,1,0,0,1,0,1,0,0,https://en.wikipedia.org/wiki/Computer_security
48,10,30,0,1,0,4,0,0,0,0,0,0,0,1,0,0,0,0,https://github.com/torvalds/linux/commits/master
36,12,16,0,3,1,2,0,0,4,0,0,0,0,1,0,0,0,0,https://www.ietf.org/rfc/rfc3986.txt
63,13,42,0,2,1,6,0,0,6,2,0,0,0,1,0,0,0,0,https://csrc.nist.gov/publications/detail/sp/800-53/rev-5/final
29,10,11,0,2,1,2,0,0,3,0,0,0,0,1,0,0,0,0,https://www.w3.org/TR/html52/
38,20,5,4,2,1,1,1,0,1,0,0,0,0,1,0,0,0,0,https://news.ycombinator.com/item?id=1
32,9,15,0,2,0,2,0,0,9,0,0,0,0,1,0,0,0,0,https://arxiv.org/abs/2301.00001
29,14,7,0,2,1,2,0,0,0,0,1,0,0,1,0,0,0,0,https://hub.docker.com/_/node
53,20,25,0,4,3,3,0,0,7,0,0,0,0,1,0,0,0,0,https://www.ncbi.nlm.nih.gov/pmc/articles/PMC1234567/
45,14,23,0,2,1,3,0,0,1,1,0,0,0,1,0,0,0,0,https://aws.amazon.com/ec2/pricing/on-demand/
47,16,23,0,2,1,3,0,0,0,0,0,0,0,1,0,0,0,0,https://cloud.google.com/compute/docs/instances
60,19,33,0,2,1,3,0,0,0,2,0,0,0,1,0,0,0,0,https://azure.microsoft.com/en-us/products/virtual-machines/
46,20,18,0,2,1,2,0,0,0,0,0,0,0,1,0,0,0,0,https://www.digitalocean.com/products/droplets
37,14,15,0,2,1,2,0,0,0,0,0,0,0,1,0,0,0,0,https://www.oracle.com/cloud/compute/
47,11,28,0,2,1,3,0,0,0,1,0,0,0,1,0,0,0,0,https://www.ibm.com/cloud/learn/cloud-computing
71,14,49,0,2,1,4,0,0,0,2,0,0,0,1,0,0,0,0,https://www.redhat.com/en/technologies/linux-platforms/enterprise-linux
34,10,16,0,1,0,2,0,0,0,0,0,0,0,1,0,0,0,0,https://ubuntu.com/download/server
39,14,17,0,2,1,2,0,0,0,0,0,0,0,1,0,0,0,0,https://www.debian.org/releases/stable/
31,13,10,0,1,0,1,0,0,0,0,0,0,0,1,0,0,0,0,https://archlinux.org/download/
46,13,25,0,1,0,3,0,0,0,0,0,0,0,1,0,0,0,0,https://getfedora.org/en/workstation/download/
55,10,37,0,1,0,4,0,0,0,2,0,0,0,1,0,0,0,0,https://nodejs.org/en/docs/guides/getting-started-guide
44,9,27,0,1,0,2,0,0,0,3,0,0,0,1,0,0,0,0,https://react.dev/learn/tutorial-tic-tac-toe
42,15,19,0,1,0,2,0,0,0,1,0,0,0,1,0,0,0,0,https://tailwindcss.com/docs/utility-first
25,10,7,0,1,0,1,0,0,0,0,0,0,0,1,0,0,0,0,https://vitejs.dev/guide/
48,13,27,0,2,0,3,0,0,0,0,0,0,0,1,0,0,0,0,https://expressjs.com/en/starter/installing.html
49,15,26,0,2,1,3,0,0,0,0,0,0,0,1,0,0,0,0,https://www.mongodb.com/docs/manual/introduction/
38,14,16,0,2,0,2,0,0,0,0,0,0,0,1,0,0,0,0,https://mongoosejs.com/docs/guide.html
50,20,22,0,2,1,2,0,0,0,1,0,0,0,1,0,0,0,0,https://fastapi.tiangolo.com/tutorial/first-steps/
81,16,29,0,2,0,3,0,0,0,4,0,0,0,1,0,0,0,0,https://scikit-learn.org/stable/modules/ensemble.html#forests-of-randomized-trees
52,17,27,0,3,1,3,0,0,2,0,1,0,0,1,0,0,0,0,https://pandas.pydata.org/docs/user_guide/10min.html
49,9,32,0,2,0,4,0,0,0,0,0,0,0,1,0,0,0,0,https://numpy.org/doc/stable/user/quickstart.html
40,21,11,0,2,1,2,0,0,0,0,0,0,0,1,0,0,0,0,https://joblib.readthedocs.io/en/latest/
49,17,24,0,2,1,3,0,0,0,0,0,0,0,1,0,0,0,0,https://docs.pydantic.dev/latest/concepts/models/
43,14,21,0,3,1,2,0,0,2,1,0,0,0,1,0,0,0,0,https://www.apache.org/licenses/LICENSE-2.0
35,14,13,0,1,0,2,0,0,0,0,0,0,0,1,0,0,0,0,https://opensource.org/licenses/MIT
41,11,22,0,4,1,2,0,0,2,1,0,0,0,1,0,0,0,0,https://www.gnu.org/licenses/gpl-3.0.html
44,19,17,0,2,0,3,0,0,2,0,0,0,0,1,0,0,0,0,https://creativecommons.org/licenses/by/4.0/
26,11,7,0,2,1,1,0,0,0,0,0,0,0,1,0,0,0,0,https://www.mit.edu/about/
33,15,10,0,2,1,1,0,0,0,0,0,0,0,1,0,0,0,0,https://www.harvard.edu/programs/
35,16,11,0,2,1,1,0,0,0,0,0,0,0,1,0,0,0,0,https://www.stanford.edu/academics/
31,12,11,0,3,2,1,0,0,0,0,0,0,0,1,0,0,0,0,https://www.ox.ac.uk/admissions
30,13,9,0,3,2,1,0,0,0,0,0,0,0,1,0,0,0,0,https://www.cam.ac.uk/research
34,16,10,0,2,1,1,0,0,0,0,0,0,0,1,0,0,0,0,https://www.berkeley.edu/academics
30,11,11,0,2,1,1,0,0,0,0,0,0,0,1,0,0,0,0,https://www.cmu.edu/academics/
51,12,31,0,2,1,2,0,0,0,1,0,0,0,1,0,0,0,0,https://www.ucla.edu/academics/undergraduate-majors
32,14,10,0,2,1,1,0,0,0,0,0,0,0,1,0,0,0,0,https://www.gatech.edu/academics
33,15,10,0,2,1,1,0,0,0,0,0,0,0,1,0,0,0,0,https://www.caltech.edu/academics
38,11,19,0,2,1,1,0,0,0,1,0,0,0,1,0,0,0,0,https://www.nih.gov/health-information
40,11,21,0,3,1,3,0,0,0,0,0,0,0,1,0,0,0,0,https://www.cdc.gov/flu/about/index.html
63,11,44,0,2,1,3,0,0,4,2,0,0,0,1,0,0,0,0,https://www.who.int/emergencies/diseases/novel-coronavirus-2019
25,11,6,0,2,1,1,0,0,0,0,0,0,0,1,0,0,0,0,https://www.fda.gov/drugs
29,12,9,0,2,1,1,0,0,0,0,0,0,0,1,0,0,0,0,https://www.nasa.gov/missions
39,11,20,0,2,1,1,0,0,0,0,1,0,0,1,0,0,0,0,https://www.esa.int/Science_Exploration
26,13,5,0,2,1,1,0,0,0,0,0,0,0,1,0,0,0,0,https://www.space.com/news
46,26,12,0,2,1,1,0,0,0,0,0,0,0,1,0,0,0,0,https://www.nationalgeographic.com/environment
50,14,28,0,2,1,2,0,0,13,3,0,0,0,1,0,0,0,0,https://www.nature.com/articles/d41586-023-00001-w
39,15,16,0,2,1,2,0,0,0,0,0,0,0,1,0,0,0,0,https://www.science.org/journal/science
30,12,10,0,2,1,2,0,0,0,0,0,0,0,1,0,0,0,0,https://www.cell.com/cell/home
47,12,27,0,3,1,3,0,0,0,0,0,0,0,1,0,0,0,0,https://www.ieee.org/membership/join/index.html
32,11,13,0,2,1,1,0,0,0,0,0,0,0,1,0,0,0,0,https://www.acm.org/publications
34,14,12,0,2,1,1,0,0,0,0,0,0,0,1,0,0,0,0,https://www.usenix.org/conferences
31,16,7,0,2,1,1,0,0,2,1,0,0,0,1,0,0,0,0,https://www.blackhat.com/us-23/
50,10,32,0,2,0,3,0,0,4,3,0,0,0,1,0,0,0,0,https://defcon.org/html/defcon-31/dc-31-index.html
38,9,21,0,1,0,1,0,0,0,3,0,0,0,1,0,0,0,0,https://owasp.org/www-project-top-ten/
55,13,34,0,3,1,3,0,0,0,0,0,0,0,1,0,0,0,0,https://cve.mitre.org/cve/identifiers/syntaxchange.html
46,12,26,0,2,1,3,0,0,8,2,0,0,0,1,0,0,0,0,https://nvd.nist.gov/vuln/detail/CVE-2023-1234
34,14,12,0,2,1,1,0,0,0,1,0,0,0,1,0,0,0,0,https://www.snopes.com/fact-check/
46,18,20,0,2,1,2,0,0,0,0,0,0,0,1,0,1,0,0,https://www.britannica.com/topic/cybersecurity
49,11,30,0,1,0,4,0,0,5,0,0,0,0,1,0,0,0,0,https://weather.com/weather/today/l/USNY0996:1:US
75,19,48,0,2,1,6,0,0,11,3,0,0,0,1,0,0,0,0,https://www.accuweather.com/en/us/new-york-ny/10007/weather-forecast/349727
33,17,8,0,2,1,1,0,0,0,0,0,0,0,1,0,0,0,0,https://www.bloomberg.com/markets
33,15,10,0,2,1,1,0,0,0,0,0,0,0,1,0,0,0,0,https://www.reuters.com/business/
34,14,12,0,2,1,1,0,0,0,0,0,0,0,1,0,0,0,0,https://www.forbes.com/innovation/
35,11,16,0,2,1,2,0,0,0,0,0,0,0,1,0,0,0,0,https://www.wsj.com/news/technology
29,10,11,0,2,1,1,0,0,0,0,0,0,0,1,0,0,0,0,https://www.ft.com/technology
48,17,23,0,2,1,1,0,0,0,2,0,0,0,1,0,0,0,0,https://www.economist.com/science-and-technology
32,14,10,0,1,0,1,0,0,0,0,0,0,0,1,0,0,0,0,https://techcrunch.com/startups/
29,16,5,0,2,1,1,0,0,0,0,0,0,0,1,0,0,0,0,https://www.theverge.com/tech
47,15,24,0,1,0,1,0,0,0,1,0,0,0,1,0,0,0,0,https://arstechnica.com/information-technology/
40,13,19,0,2,1,2,0,0,0,0,0,0,0,1,0,1,0,0,https://www.wired.com/category/security/
33,12,13,0,1,0,2,0,0,0,0,0,0,0,1,0,0,0,0,https://slashdot.org/story/recent
47,24,15,0,2,1,2,0,0,0,0,0,0,0,1,0,1,0,0,https://www.bleepingcomputer.com/news/security/
34,19,7,0,1,0,1,0,0,0,0,0,0,0,1,0,1,0,0,https://krebsonsecurity.com/about/
48,14,26,0,1,0,2,0,0,0,0,0,0,0,1,0,0,0,0,https://threatpost.com/category/vulnerabilities/
43,15,20,0,1,0,1,0,0,0,1,0,0,0,1,0,0,0,0,https://darkreading.com/threat-intelligence
48,19,21,0,1,0,2,0,0,0,1,0,0,0,1,0,1,0,0,https://securityaffairs.com/category/cyber-crime
48,17,23,0,1,0,2,0,0,0,1,0,0,0,1,0,1,0,0,https://thehackernews.com/category/security-news
50,16,26,0,3,1,3,0,0,0,0,0,0,0,1,0,0,0,0,https://www.schneier.com/blog/archives/recent.html
36,15,13,0,1,0,1,0,0,0,1,0,0,0,1,0,1,0,0,https://portswigger.net/web-security
22,7,7,0,1,0,1,0,0,0,0,0,0,0,1,0,0,0,0,https://snyk.io/learn/
74,14,52,0,3,1,6,0,0,0,0,0,0,0,1,0,0,0,0,https://www.elastic.co/guide/en/elasticsearch/reference/current/index.html
44,15,21,0,2,1,3,0,0,0,0,0,0,0,1,0,0,0,0,https://www.mongodb.com/cloud/atlas/register
30,8,14,0,1,0,1,0,0,0,0,0,0,0,1,0,0,0,0,https://redis.io/documentation
50,18,24,0,3,1,3,0,0,0,0,0,0,0,1,0,0,0,0,https://www.postgresql.org/docs/current/index.html
40,13,19,0,3,1,4,0,0,2,0,0,0,0,1,0,0,0,0,https://dev.mysql.com/doc/refman/8.0/en/
28,10,10,0,2,0,1,0,0,0,0,0,0,0,1,0,0,0,0,https://sqlite.org/docs.html
39,16,15,0,2,1,1,0,0,0,0,0,0,0,1,0,0,0,0,https://kafka.apache.org/documentation/
39,12,19,0,2,0,1,0,0,0,0,0,0,0,1,0,0,0,0,https://rabbitmq.com/documentation.html
32,13,11,0,1,0,2,0,0,0,0,0,0,0,1,0,0,0,0,https://kubernetes.io/docs/home/
30,16,6,0,2,1,1,0,0,0,0,0,0,0,1,0,0,0,0,https://www.terraform.io/intro
50,15,27,0,2,1,2,0,0,0,2,0,0,0,1,0,0,0,0,https://www.ansible.com/overview/how-ansible-works
49,13,28,0,1,0,3,0,0,0,0,0,0,0,1,0,0,0,0,https://prometheus.io/docs/introduction/overview/
40,11,21,0,1,0,3,0,0,0,0,0,0,0,1,0,0,0,0,https://grafana.com/docs/grafana/latest/
60,14,38,0,3,1,3,0,0,0,1,1,0,0,1,0,0,0,0,https://www.splunk.com/en_us/products/splunk-enterprise.html
31,17,6,0,2,1,1,0,0,0,0,0,0,0,1,0,0,0,0,https://www.wireshark.org/docs/
30,8,14,0,2,0,2,0,0,0,0,0,0,0,1,0,0,0,0,https://nmap.org/book/man.html
30,12,10,0,2,1,1,0,0,0,1,0,0,0,1,0,0,0,0,https://www.kali.org/get-kali/
35,18,9,0,2,1,1,0,0,0,0,0,0,0,1,0,0,0,0,https://www.metasploit.com/download
36,18,10,0,2,1,1,0,0,0,0,0,0,0,1,0,0,0,0,https://www.torproject.org/download/
28,10,10,0,1,0,1,0,0,0,0,0,0,0,1,0,0,0,0,https://signal.org/download/
25,12,5,0,1,0,1,0,0,0,0,0,0,0,1,0,0,0,0,https://telegram.org/apps
28,11,9,0,1,0,1,0,0,0,0,0,0,0,1,0,0,0,0,https://discord.com/download
27,9,10,0,1,0,1,0,0,0,0,0,0,0,1,0,0,0,0,https://slack.com/downloads
33,16,9,0,2,1,1,0,0,0,0,0,0,0,1,0,0,0,0,https://www.whatsapp.com/download
24,7,9,0,1,0,1,0,0,0,0,0,0,0,1,0,0,0,0,https://zoom.us/download
35,13,14,0,2,1,2,0,0,0,1,0,0,0,1,0,0,0,0,https://www.skype.com/en/get-skype/
34,13,13,0,2,1,2,0,0,0,0,0,0,0,1,0,0,0,0,https://www.viber.com/en/download/
42,15,19,0,2,1,3,0,0,0,1,0,0,0,1,0,0,0,0,https://www.mozilla.org/en-US/firefox/new/
30,14,8,0,2,1,1,0,0,0,0,0,0,0,1,0,0,0,0,https://www.google.com/chrome/
31,13,10,0,2,1,1,0,0,0,0,0,0,0,1,0,0,0,0,https://www.brave.com/download/
30,13,9,0,2,1,1,0,0,0,0,0,0,0,1,0,0,0,0,https://www.opera.com/download
46,18,20,0,2,1,2,0,0,0,0,0,0,0,1,0,0,0,0,https://www.torproject.org/download/languages/
28,14,6,0,1,0,1,0,0,0,0,0,0,0,1,0,0,0,0,https://duckduckgo.com/about
37,17,12,0,2,1,2,0,0,0,1,0,0,0,1,0,0,0,0,https://www.startpage.com/en/about-us
27,13,6,0,2,1,1,0,0,0,0,0,0,0,1,0,0,0,0,https://www.qwant.com/about
28,14,6,0,2,1,1,0,0,0,0,0,0,0,1,0,0,0,0,https://www.ecosia.org/about
29,16,5,0,2,1,1,0,0,0,0,0,0,0,1,0,0,0,0,https://search.brave.com/help
30,15,7,0,2,1,1,0,0,0,0,0,0,0,1,0,0,0,0,https://www.archive.org/about/
44,21,15,0,2,1,2,0,0,0,0,1,0,0,1,0,0,0,0,https://commons.wikimedia.org/wiki/Main_Page
48,16,24,0,2,1,2,0,0,0,0,1,0,0,1,0,0,0,0,https://www.wikidata.org/wiki/Wikidata:Main_Page
37,14,15,0,1,0,2,0,0,0,0,1,0,0,1,0,0,0,0,https://wikivoyage.org/wiki/Main_Page
48,14,26,0,1,0,2,0,0,0,0,1,0,0,1,0,0,0,0,https://wiktionary.org/wiki/Wiktionary:Main_Page
37,14,15,0,1,0,2,0,0,0,0,1,0,0,1,0,0,0,0,https://wikisource.org/wiki/Main_Page
50,15,27,0,1,0,2,0,0,0,0,1,0,0,1,0,0,0,0,https://wikiversity.org/wiki/Wikiversity:Main_Page
36,13,15,0,1,0,2,0,0,0,0,1,0,0,1,0,0,0,0,https://wikibooks.org/wiki/Main_Page
35,12,15,0,1,0,2,0,0,0,0,1,0,0,1,0,0,0,0,https://wikinews.org/wiki/Main_Page
36,13,15,0,1,0,2,0,0,0,0,1,0,0,1,0,0,0,0,https://wikiquote.org/wiki/Main_Page
41,18,15,0,2,1,2,0,0,0,0,1,0,0,1,0,0,0,0,https://meta.wikimedia.org/wiki/Main_Page
30,10,12,0,2,1,2,0,0,0,1,0,0,0,1,0,0,0,0,https://www.un.org/en/about-us
34,14,12,0,2,1,2,0,0,0,1,0,0,0,1,0,0,0,0,https://www.unesco.org/en/about-us
31,14,9,0,2,1,1,0,0,0,1,0,0,0,1,0,0,0,0,https://www.unicef.org/about-us
34,17,9,0,2,1,2,0,0,0,0,0,0,0,1,0,1,0,0,https://www.worldbank.org/en/about
28,11,9,0,2,1,2,0,0,0,0,0,0,0,1,0,0,0,0,https://www.imf.org/en/About
49,11,30,0,3,1,3,0,0,0,0,2,0,0,1,0,0,0,0,https://www.wto.org/english/thewto_e/thewto_e.htm
27,12,7,0,2,1,1,0,0,0,0,0,0,0,1,0,0,0,0,https://www.oecd.org/about/
50,15,27,0,2,1,2,0,0,0,2,0,0,0,1,0,0,0,0,https://www.weforum.org/about/world-economic-forum
38,16,14,0,3,1,1,0,0,0,1,0,0,0,1,0,0,0,0,https://www.redcross.org/about-us.html
48,29,11,0,2,1,1,0,0,0,2,0,0,0,1,0,0,0,0,https://www.doctorswithoutborders.org/who-we-are
40,12,21,0,3,0,2,0,0,9,1,0,0,0,0,1,3,1,1,http://185.10.20.30/login/verify-account
41,13,21,0,3,0,2,0,0,10,1,0,0,0,0,1,1,1,1,http://192.168.1.100/admin/password-reset
54,13,34,0,3,0,2,0,0,10,2,0,0,0,0,1,5,1,1,http://103.245.12.98/secure-banking/update-credentials
50,13,30,0,4,0,2,0,0,10,1,0,0,0,0,1,2,1,1,http://45.142.214.10/paypal-verification/login.php
54,13,34,0,4,0,2,0,0,10,2,0,0,0,0,1,3,1,1,http://178.62.204.11/ebay-billing/confirm-account.html
56,13,25,10,4,0,2,1,0,10,1,0,0,0,0,1,1,1,1,http://91.240.118.23/chase-online/signin.aspx?auth=token
55,13,35,0,4,0,2,0,0,10,2,0,0,0,0,1,3,1,1,http://194.87.139.54/wellsfargo/secure-login-update.php
54,13,34,0,3,0,3,0,0,10,0,0,0,0,0,1,3,1,1,http://185.220.101.5/bankofamerica/verification/signin
55,13,35,0,3,0,2,0,0,10,3,0,0,0,0,1,2,1,1,http://198.51.100.42/amazon-support/update-billing-info
53,13,33,0,3,0,2,0,0,10,2,0,0,0,0,1,2,1,1,http://203.0.113.195/netflix/account-suspended-verify
51,11,33,0,3,0,3,0,0,8,1,0,0,0,0,1,3,1,1,http://198.18.0.55/appleid/security-update/password
54,14,33,0,3,0,2,0,0,11,2,0,0,0,0,1,1,1,1,http://104.244.72.115/microsoft/online-verify-identity
57,14,36,0,3,0,2,0,0,11,3,0,0,0,0,1,3,1,1,http://193.106.191.12/wallet/seed-phrase-recovery-confirm
51,13,31,0,3,0,2,0,0,10,2,0,0,0,0,1,3,1,1,http://185.193.88.21/metamask/unlock-account-secure
48,13,28,0,3,0,3,0,0,10,1,0,0,0,0,1,1,1,1,http://149.202.89.15/binance/security-check/auth
49,11,31,0,3,0,2,0,0,8,2,0,0,0,0,1,3,1,1,http://176.119.1.8/coinbase/wallet-update-confirm
47,39,1,0,5,4,0,0,0,0,0,0,0,0,1,0,4,0,1,https://login.verify.account.update.example.com
53,45,1,0,5,4,0,0,0,0,1,0,0,0,1,0,4,0,1,https://secure.signin.banking.online.auth-service.xyz
57,43,6,0,4,3,1,0,0,0,2,0,0,0,1,0,4,1,1,https://paypal.com.account-update.verify-notice.top/login
59,51,1,0,5,4,0,0,0,0,2,0,0,0,1,0,1,1,1,https://appleid.apple.com.security-alert.notice-center.info
59,44,7,0,3,2,1,0,0,0,2,0,0,0,1,0,4,1,1,https://netflix.member-security.update-billing.click/signin
58,50,1,0,4,3,0,0,0,0,2,0,0,0,1,0,2,1,1,https://amazon.orders.security-confirm.support-portal.club
59,51,1,0,4,3,0,0,0,0,3,0,0,0,1,0,3,1,1,https://chase.online-banking.verify-identity.auth-token.biz
59,45,6,0,3,2,1,0,0,0,2,0,0,0,1,0,3,1,1,https://wellsfargo.account-access.security-check.site/login
59,46,5,0,3,2,1,0,0,0,2,0,0,0,1,0,3,1,1,https://bankofamerica.online-id.secure-verification.pw/auth
59,51,1,0,3,2,0,0,0,0,2,0,0,0,1,0,2,1,1,https://microsoft.account-protection.identity-update.online
60,52,1,0,4,3,0,0,0,0,2,0,0,0,1,0,2,1,1,https://google.drive.file-download.verify-credential.website
58,50,1,0,3,2,0,0,0,0,2,0,0,0,1,0,2,1,1,https://facebook.security-checkpoint.identity-verify.space
56,48,1,0,3,2,0,0,0,0,2,0,0,0,1,0,0,1,1,https://instagram.copyright-infringement.appeal-form.pro
54,46,1,0,3,2,0,0,0,0,3,0,0,0,1,0,1,1,1,https://whatsapp.web-session.qr-code-verification.work
47,19,20,0,1,0,1,0,5,8,1,0,0,5,1,0,2,0,1,https://security-verify.com/%20%2F%3F%23%25test
59,19,33,0,1,0,1,0,5,18,1,0,0,5,0,0,0,0,1,http://phishing-portal.com/%2520%252F%253F%2523%2525payload
62,21,33,0,1,0,1,0,8,16,2,0,0,8,1,0,3,1,1,https://bank-secure-login.com/%20%20%20%20%20%20%20%20redirect
58,17,34,0,1,0,2,0,6,5,1,0,0,4,0,0,2,0,1,http://update-wallet.net/%3Cscript%3Ealert(1)%3C/script%3E
46,21,17,0,1,0,1,0,3,8,3,0,0,3,1,0,2,0,1,https://verify-credential.org/%27%20OR%201=1--
47,14,26,0,1,0,1,0,3,4,2,0,0,3,0,0,0,0,1,http://admin-reset.cc/%00%0D%0AHeader-Injection
56,16,32,0,1,0,1,0,6,6,2,0,0,6,1,0,1,0,1,https://secure-token.vip/%E2%80%AEreversed-text%E2%80%AC
59,18,34,0,1,0,1,0,8,8,1,0,0,8,0,0,2,0,1,http://account-unlock.top/%2F%2E%2E%2F%2E%2E%2Fetc%2Fpasswd
54,16,30,0,2,0,1,0,2,2,2,0,0,2,1,0,1,0,1,https://pay-confirm.club/%3Fredirect%3Devil-domain.com
56,14,35,0,1,0,1,0,2,3,1,3,0,2,0,0,0,0,1,http://auth-check.xyz/%23token%3Dsecret_admin_key_leaked
65,29,6,0,2,0,1,0,2,0,3,0,1,0,0,0,1,1,1,http://legitimate-service.com@malicious-redirect-target.com/login
58,32,7,0,2,0,1,0,2,0,2,0,1,0,1,0,3,1,1,https://paypal.com@security-verification-portal.com/update
50,19,13,0,2,0,1,0,2,0,1,0,1,0,0,0,1,0,1,http://google.com@phishing-gateway.ru/authenticate
59,21,16,0,2,0,1,0,2,0,3,0,1,0,1,0,3,1,1,https://microsoft.com@fake-login-service.cn/verify-password
45,21,7,0,2,0,1,0,2,0,1,0,1,0,0,0,2,0,1,http://apple.com@credential-stealer.cc/signin
49,24,7,0,2,0,1,0,2,0,2,0,1,0,1,0,2,1,1,https://chase.com@banking-alert-notice.top/online
54,25,7,0,2,0,1,0,2,0,2,0,1,0,0,0,3,1,1,http://wellsfargo.com@security-update-portal.pw/verify
56,29,8,0,2,0,1,0,2,0,2,0,1,0,1,0,2,1,1,https://amazon.com@account-restricted-alert.info/billing
56,33,4,0,2,0,1,0,2,0,2,0,1,0,0,0,1,1,1,http://netflix.com@subscription-renewal-confirm.site/pay
56,25,5,0,2,0,1,0,2,0,2,0,1,0,1,0,1,1,1,https://bankofamerica.com@login-identity-check.club/auth
252,108,23,113,3,0,3,3,0,39,13,2,0,0,0,0,8,1,1,http://secure-login-verify-account-update-billing-info-paypal-customer-service-alert-notice-confirmation-portal.com/session/auth/index.php?token=1234567890abcdef1234567890abcdef1234567890abcdef&client_id=987654321&redirect_uri=https://paypal.com/signin
207,95,25,78,1,0,3,3,0,24,10,2,0,0,1,0,10,1,1,https://banking-online-security-identity-verification-portal-account-unlock-customer-support-notice.xyz/chase/login/authenticate?session_id=abcdef1234567890&timestamp=20260904183000&action=verify_credentials
174,85,7,74,1,0,1,4,0,10,8,4,0,0,0,0,6,1,1,http://appleid-security-team-account-locked-verification-identity-confirmation-center.online/signin?app_id=5847382910&flow=password_reset&language=en_US&source=security_alert
176,83,16,68,3,0,2,3,2,13,10,2,1,0,1,0,4,1,1,https://microsoft-office365-security-alert-unusual-sign-in-activity-detected-verify-now.net/auth/login.aspx?email=user@domain.com&auth_type=modern&session_hash=fedcba0987654321
157,86,15,48,1,0,2,3,0,11,9,2,0,0,0,0,4,1,1,http://netflix-billing-department-subscription-payment-failed-update-credit-card-details.club/member/payment?account_id=9988776655&plan=premium_4k&retry=true
50,43,1,0,1,0,0,0,0,0,4,0,0,0,0,0,3,1,1,http://paypal-verification-center-secure-login.com
48,41,1,0,1,0,0,0,0,0,4,0,0,0,0,0,3,1,1,http://apple-security-id-verification-update.org
48,41,1,0,1,0,0,0,0,0,5,0,0,0,0,0,3,1,1,http://chase-bank-online-banking-signin-auth.net
56,49,1,0,1,0,0,0,0,0,4,0,0,0,0,0,3,1,1,http://wellsfargo-account-access-verification-secure.com
55,48,1,0,1,0,0,0,0,0,4,0,0,0,0,0,2,1,1,http://bankofamerica-customer-service-login-portal.info
53,46,1,0,1,0,0,0,0,0,4,0,0,0,0,0,2,1,1,http://netflix-billing-update-subscription-renew.site
55,48,1,0,1,0,0,0,0,0,4,0,0,0,0,0,2,1,1,http://amazon-prime-order-confirmation-verification.top
51,44,1,0,1,0,0,0,0,0,5,0,0,0,0,0,1,1,1,http://microsoft-outlook-web-app-security-check.xyz
52,45,1,0,1,0,0,0,0,0,5,0,0,0,0,0,2,1,1,http://google-drive-security-document-share-login.pw
56,49,1,0,1,0,0,0,0,0,4,0,0,0,0,0,1,1,1,http://facebook-security-checkpoint-identity-appeal.club
57,50,1,0,1,0,0,0,0,0,4,0,0,0,0,0,1,1,1,http://instagram-copyright-infringement-ticket-update.pro
51,44,1,0,1,0,0,0,0,0,4,0,0,0,0,0,3,1,1,http://binance-security-verification-wallet-auth.cc
52,45,1,0,1,0,0,0,0,0,4,0,0,0,0,0,2,1,1,http://coinbase-account-restricted-unlock-notice.vip
51,44,1,0,1,0,0,0,0,0,5,0,0,0,0,0,2,1,1,http://metamask-io-wallet-seed-phrase-recovery.work
54,47,1,0,1,0,0,0,0,0,5,0,0,0,0,0,1,1,1,http://crypto-wallet-airdrop-claim-rewards-connect.top
54,47,1,0,1,0,0,0,0,0,6,0,0,0,0,0,0,1,1,http://irs-tax-refund-status-claim-direct-deposit.info
59,52,1,0,1,0,0,0,0,0,5,0,0,0,0,0,0,1,1,http://fedex-package-delivery-exception-reschedule-fee.site
53,46,1,0,1,0,0,0,0,0,5,0,0,0,0,0,1,1,1,http://dhl-express-customs-duty-clearance-payment.xyz
58,51,1,0,1,0,0,0,0,0,5,0,0,0,0,0,1,1,1,http://usps-tracking-package-address-correction-update.top
56,49,1,0,1,0,0,0,0,0,5,0,0,0,0,0,1,1,1,http://ups-delivery-failed-attempt-redelivery-confirm.pw
55,48,1,0,1,0,0,0,0,0,4,0,0,0,0,0,3,1,1,http://blockchain-wallet-security-update-mandatory.club
49,42,1,0,1,0,0,0,0,0,5,0,0,0,0,0,1,1,1,http://trust-wallet-dapp-browser-connect-auth.pro
52,45,1,0,1,0,0,0,0,0,5,0,0,0,0,0,2,1,1,http://ledger-live-security-patch-firmware-update.cc
54,47,1,0,1,0,0,0,0,0,4,0,0,0,0,0,2,1,1,http://trezor-bridge-wallet-verification-portal.online
52,45,1,0,1,0,0,0,0,1,5,0,0,0,0,0,0,1,1,http://uniswap-v3-airdrop-liquidity-pool-rewards.xyz
52,45,1,0,1,0,0,0,0,0,4,0,0,0,0,0,0,1,1,http://pancakeswap-finance-staking-rewards-claim.top
50,43,1,0,1,0,0,0,0,0,5,0,0,0,0,0,1,1,1,http://opensea-nft-free-mint-whitelist-verify.info
49,42,1,0,1,0,0,0,0,0,5,0,0,0,0,0,0,1,1,http://discord-nitro-free-promotion-claim-gift.pw
57,50,1,0,1,0,0,0,0,0,5,0,0,0,0,0,1,1,1,http://steam-community-trade-offer-confirm-inventory.site
52,45,1,0,1,0,0,0,0,0,5,0,0,0,0,0,1,1,1,http://roblox-free-robux-generator-survey-verify.top
50,43,1,0,1,0,0,0,0,0,4,0,0,0,0,0,0,1,1,http://epicgames-fortnite-vbucks-claim-reward.club
52,45,1,0,1,0,0,0,0,0,4,0,0,0,0,0,2,1,1,http://battle-net-account-authenticator-security.pro
53,46,1,0,1,0,0,0,0,0,5,0,0,0,0,0,1,1,1,http://playstation-network-wallet-card-code-redeem.cc
55,48,1,0,1,0,0,0,0,0,6,0,0,0,0,0,0,1,1,http://xbox-live-gold-membership-free-code-claim.online
55,48,1,0,1,0,0,0,0,2,5,0,0,0,0,0,0,1,1,http://covid19-relief-grant-application-submit-ssn.info
55,48,1,0,1,0,0,0,0,0,4,0,0,0,0,0,0,1,1,http://student-loan-forgiveness-application-portal.site
50,43,1,0,1,0,0,0,0,0,5,0,0,0,0,0,0,1,1,http://dmv-drivers-license-renewal-express-fee.xyz
57,50,1,0,1,0,0,0,0,0,4,0,0,0,0,0,2,1,1,http://social-security-administration-benefits-verify.top
50,43,1,0,1,0,0,0,0,0,6,0,0,0,0,0,1,1,1,http://us-courts-jury-duty-summons-fine-payment.pw
53,46,1,0,1,0,0,0,0,0,5,0,0,0,0,0,0,1,1,http://who-global-health-grant-fund-disbursement.club
49,42,1,0,1,0,0,0,0,0,4,0,0,0,0,0,0,1,1,http://unicef-donation-beneficiary-cash-grant.pro
51,44,1,0,1,0,0,0,0,0,4,0,0,0,0,0,1,1,1,http://worldbank-development-grant-transfer-code.cc
51,44,1,0,1,0,0,0,0,0,4,0,0,0,0,0,0,1,1,http://imf-monetary-fund-compensation-scheme.online
50,43,1,0,1,0,0,0,0,0,4,0,0,0,0,0,0,1,1,http://lottery-winner-notification-claim-prize.top
56,49,1,0,1,0,0,0,0,0,4,0,0,0,0,0,0,1,1,http://inherited-estate-beneficiary-legal-affidavit.info
50,43,1,0,1,0,0,0,0,0,4,0,0,0,0,0,0,1,1,http://urgent-wire-transfer-authorization-pin.site
50,43,1,0,1,0,0,0,0,0,4,0,0,0,0,0,0,1,1,http://swift-international-fund-settlement-fee.xyz
49,42,1,0,1,0,0,0,0,0,5,0,0,0,0,0,0,1,1,http://western-union-money-transfer-mtcn-track.pw
51,44,1,0,1,0,0,0,0,0,3,0,0,0,0,0,1,1,1,http://moneygram-transaction-verification-hold.club
51,44,1,0,1,0,0,0,0,0,5,0,0,0,0,0,1,1,1,http://target-giftcard-balance-check-pin-verify.pro
46,39,1,0,1,0,0,0,0,0,4,0,0,0,0,0,0,1,1,http://walmart-egift-card-activation-survey.cc
53,46,1,0,1,0,0,0,0,0,4,0,0,0,0,0,1,1,1,http://bestbuy-rewards-certificate-claim-login.online
45,38,1,0,1,0,0,0,0,0,4,0,0,0,0,0,0,1,1,http://homedepot-pro-xtra-cashback-rebate.top
50,43,1,0,1,0,0,0,0,0,4,0,0,0,0,0,0,1,1,http://costco-wholesale-member-rebate-voucher.info
52,45,1,0,1,0,0,0,0,0,5,0,0,0,0,0,0,1,1,http://starbucks-rewards-free-drink-coupon-code.site
48,41,1,0,1,0,0,0,0,0,4,0,0,0,0,0,0,1,1,http://mcdonalds-monopoly-prize-winner-claim.xyz
47,40,1,0,1,0,0,0,0,0,5,0,0,0,0,0,0,1,1,http://uber-eats-promo-discount-voucher-code.pw
50,43,1,0,1,0,0,0,0,0,4,0,0,0,0,0,2,1,1,http://doordash-dasher-support-account-update.club
45,38,1,0,1,0,0,0,0,0,3,0,0,0,0,0,0,1,1,http://grubhub-giftcard-redemption-portal.pro
46,39,1,0,1,0,0,0,0,0,4,0,0,0,0,0,1,1,1,http://airbnb-host-payout-preference-update.cc
53,46,1,0,1,0,0,0,0,0,3,0,0,0,0,0,1,1,1,http://booking-reservation-confirmation-modify.online
48,41,1,0,1,0,0,0,0,0,3,0,0,0,0,0,0,1,1,http://expedia-itinerary-cancellation-refund.top
49,42,1,0,1,0,0,0,0,0,4,0,0,0,0,0,2,1,1,http://delta-airlines-skymiles-account-login.info
52,45,1,0,1,0,0,0,0,0,3,0,0,0,0,0,2,1,1,http://united-mileageplus-security-verification.site
52,45,1,0,1,0,0,0,0,0,4,0,0,0,0,0,1,1,1,http://american-airlines-aadvantage-login-portal.xyz
46,39,1,0,1,0,0,0,0,0,4,0,0,0,0,0,0,1,1,http://southwest-rapid-rewards-claim-points.pw
50,43,1,0,1,0,0,0,0,0,4,0,0,0,0,0,0,1,1,http://hilton-honors-member-points-redemption.club
50,43,1,0,1,0,0,0,0,0,4,0,0,0,0,0,3,1,1,http://marriott-bonvoy-account-security-update.pro
48,41,1,0,1,0,0,0,0,0,5,0,0,0,0,0,1,1,1,http://hyatt-world-of-hyatt-stay-confirmation.cc
49,42,1,0,1,0,0,0,0,0,5,0,0,0,0,0,1,1,1,http://ihg-one-rewards-member-login-portal.online
46,39,1,0,1,0,0,0,0,0,4,0,0,0,0,0,3,1,1,http://att-wireless-billing-account-update.top
48,41,1,0,1,0,0,0,0,0,4,0,0,0,0,0,1,1,1,http://verizon-fios-customer-payment-portal.info
48,41,1,0,1,0,0,0,0,0,3,0,0,0,0,0,2,1,1,http://tmobile-digits-security-verification.site
47,40,1,0,1,0,0,0,0,0,4,0,0,0,0,0,0,1,1,http://xfinity-comcast-email-quota-exceeded.xyz
42,35,1,0,1,0,0,0,0,0,4,0,0,0,0,0,0,1,1,http://spectrum-charter-bill-pay-online.pw
45,38,1,0,1,0,0,0,0,0,3,0,0,0,0,0,1,1,1,http://cox-communications-webmail-update.club
46,39,1,0,1,0,0,0,0,0,3,0,0,0,0,0,0,1,1,http://centurylink-customer-support-portal.pro
47,40,1,0,1,0,0,0,0,0,3,0,0,0,0,0,2,1,1,http://frontier-communications-account-login.cc
50,43,1,0,1,0,0,0,0,0,5,0,0,0,0,0,0,1,1,http://cisco-webex-meeting-invite-join-link.online
44,37,1,0,1,0,0,0,0,0,3,0,0,0,0,0,1,1,1,http://gotomeeting-attendee-login-portal.top
47,40,1,0,1,0,0,0,0,0,3,0,0,0,0,0,0,1,1,http://ringcentral-voip-softphone-settings.info
46,39,1,0,1,0,0,0,0,0,4,0,0,0,0,0,0,1,1,http://vonage-business-cloud-admin-portal.site
49,42,1,0,1,0,0,0,0,0,4,0,0,0,0,0,1,1,1,http://zendesk-customer-support-ticket-update.xyz
41,34,1,0,1,0,0,0,0,0,3,0,0,0,0,0,1,1,1,http://freshdesk-helpdesk-portal-login.pw
48,41,1,0,1,0,0,0,0,0,4,0,0,0,0,0,0,1,1,http://jira-atlassian-confluence-cloud-auth.club
45,38,1,0,1,0,0,0,0,0,3,0,0,0,0,0,0,1,1,http://trello-enterprise-workspace-invite.pro
47,40,1,0,1,0,0,0,0,0,4,0,0,0,0,0,0,1,1,http://asana-team-collaboration-project-join.cc
48,41,1,0,1,0,0,0,0,0,4,0,0,0,0,0,0,1,1,http://monday-com-board-invite-acceptance.online
48,41,1,0,1,0,0,0,0,0,4,0,0,0,0,0,0,1,1,http://notion-workspace-shared-document-view.top
50,43,1,0,1,0,0,0,0,0,4,0,0,0,0,0,0,1,1,http://airtable-shared-base-collaborator-auth.info
46,39,1,0,1,0,0,0,0,0,3,0,0,0,0,0,1,1,1,http://smartsheet-form-submission-confirm.site
47,40,1,0,1,0,0,0,0,0,3,0,0,0,0,0,1,1,1,http://basecamp-project-update-notification.xyz
51,44,1,0,1,0,0,0,0,0,4,0,0,0,0,0,0,1,1,http://github-enterprise-repository-pull-request.pw
46,39,1,0,1,0,0,0,0,0,5,0,0,0,0,0,0,1,1,http://gitlab-ci-cd-pipeline-failed-alert.club
48,41,1,0,1,0,0,0,0,0,3,0,0,0,0,0,1,1,1,http://bitbucket-workspace-credential-rotate.pro
44,37,1,0,1,0,0,0,0,0,5,0,0,0,0,0,1,1,1,http://aws-root-account-mfa-reset-request.cc
55,48,1,0,1,0,0,0,0,0,4,0,0,0,0,0,0,1,1,http://azure-active-directory-conditional-access.online
51,44,1,0,1,0,0,0,0,0,4,0,0,0,0,0,0,1,1,http://google-workspace-admin-console-suspended.top
50,43,1,0,1,0,0,0,0,0,5,0,0,0,0,0,0,1,1,http://okta-single-sign-on-identity-challenge.info
45,38,1,0,1,0,0,0,0,0,5,0,0,0,0,0,1,1,1,http://duo-security-two-factor-auth-push.site
48,41,1,0,1,0,0,0,0,0,4,0,0,0,0,0,1,1,1,http://ping-identity-sso-portal-authenticate.xyz
47,40,1,0,1,0,0,0,0,0,4,0,0,0,0,0,1,1,1,http://onelogin-portal-session-expired-login.pw
50,43,1,0,1,0,0,0,0,0,4,0,0,0,0,0,1,1,1,http://cyberark-privileged-access-vault-login.club
47,40,1,0,1,0,0,0,0,0,4,0,0,0,0,0,0,1,1,http://hashicorp-vault-token-renewal-portal.pro
45,38,1,0,1,0,0,0,0,0,4,0,0,0,0,0,1,1,1,http://lastpass-master-password-re-encrypt.cc
47,40,1,0,1,0,0,0,0,1,4,0,0,0,0,0,2,1,1,http://1password-secret-key-recovery-kit.online
46,39,1,0,1,0,0,0,0,0,3,0,0,0,0,0,1,1,1,http://bitwarden-vault-export-confirmation.top
50,43,1,0,1,0,0,0,0,0,4,0,0,0,0,0,1,1,1,http://dashlane-security-alert-compromised-pw.info
42,35,1,0,1,0,0,0,0,0,4,0,0,0,0,0,0,1,1,http://keepass-database-key-file-sync.site
